{
    "roc_auc": 0.7047879392878893,
    "pr_auc": 0.12330167536255247,
    "accuracy": 0.910086674921421,
    "precision": 0.16025641025641027,
    "recall": 0.19230769230769232,
    "f1": 0.17482517482517482,
    "threshold": 0.13983246684074402,
    "best_params": {
        "n_estimators": 424,
        "max_depth": 5,
        "learning_rate": 0.09213286951032765,
        "subsample": 0.7512977418665332,
        "colsample_bytree": 0.7600619665862726,
        "gamma": 3.5095904370332383,
        "min_child_weight": 6,
        "reg_lambda": 2.174545568442998,
        "reg_alpha": 0.5873604770250754
    }
}