{
    "roc_auc": 0.6986858942240243,
    "pr_auc": 0.12409071104143275,
    "accuracy": 0.7709305648156968,
    "precision": 0.10382513661202186,
    "recall": 0.475,
    "f1": 0.17040358744394618,
    "f2": 0.27696793002915454,
    "threshold": 0.07921092957258224,
    "scale_pos_weight": 1.0,
    "best_params": {
        "n_estimators": 566,
        "max_depth": 4,
        "learning_rate": 0.10660539900592797,
        "subsample": 0.7459683082197306,
        "colsample_bytree": 0.6342281766031388,
        "gamma": 2.895592326122004,
        "min_child_weight": 1,
        "reg_lambda": 4.64531620184263,
        "reg_alpha": 1.46202016453978
    }
}