{
    "roc_auc": 0.6955959437896505,
    "pr_auc": 0.12050747381742274,
    "accuracy": 0.8105533860367654,
    "precision": 0.1061662198391421,
    "recall": 0.38076923076923075,
    "f1": 0.1660377358490566,
    "f2": 0.2509505703422053,
    "threshold": 0.09170573204755783,
    "scale_pos_weight": 1.0,
    "best_params": {
        "n_estimators": 498,
        "max_depth": 5,
        "learning_rate": 0.1174332208837809,
        "subsample": 0.6563643971128201,
        "colsample_bytree": 0.6638990463116555,
        "gamma": 3.848392317991717,
        "min_child_weight": 8,
        "reg_lambda": 2.6892819490261406,
        "reg_alpha": 1.1673193581692667
    }
}