{
    "roc_auc": 0.7007281637592792,
    "pr_auc": 0.11951403686758356,
    "accuracy": 0.7952185922468806,
    "precision": 0.10666023166023166,
    "recall": 0.425,
    "f1": 0.1705246913580247,
    "f2": 0.2661368015414258,
    "threshold": 0.08713169395923615,
    "scale_pos_weight": 1.0,
    "best_params": {
        "n_estimators": 285,
        "max_depth": 9,
        "learning_rate": 0.05989764341900377,
        "subsample": 0.8190022560003111,
        "colsample_bytree": 0.6013818089590507,
        "gamma": 3.4434738680802104,
        "min_child_weight": 8,
        "reg_lambda": 2.2936944306378124,
        "reg_alpha": 0.7188037523116856
    }
}