{
    "roc_auc": 0.6836689740763295,
    "pr_auc": 0.10817830797904443,
    "accuracy": 0.8894180398133156,
    "precision": 0.13287514318442153,
    "recall": 0.2230769230769231,
    "f1": 0.1665470208183776,
    "threshold": 0.200378081773592
}